Detailed image,Category,Product code,Производитель,Название,Описание,Артикул,Серия,Цвет,Высота,Вес,Weight,ProductCodeToFind,Existance,Diller price,Max price,Shop price,Recommend price,Existance for filters,Page title,Meta description,Meta keywords

"FR:FX0:N/1.jpg
#{[ru]:Пуфик DXRacer FR/FX0/N;}",Кресла для геймеров///Кресла DXRacer,FR/FX0/N,DXRacer,Пуфик DXRacer FR/FX0/N,"<p><strong>DXRacer FR/FX0</strong> - фирменный аксессуар DXRacer, гармонично дополняющий компьютерное кресло. Пуфик оснащен механизмом регулировки высоты.
</p>
<p><strong>Пуфики DXRacer</strong> - фирменная подставка для ног, которая станет отличным дополнением к вашему игровому креслу. Выпускается в тех же цветах и продолжает современный и стильный дизайн кресел DXRacer, что позволяет собрать идеальный комплект кресло + пуфик. В качестве материала обивки пуфиков используется износостойкая высокопрочная эко-кожа. В основании установлена нейлоновая крестовина с цветными пластиковыми вставками. Передвигаются пуфики на пяти двухдюймовых колесах с механизмом фиксации. Кроме того, пуфики оснащены механизмом регулировки по высоте. Пуфики DXRacer могут быть использованы не только в качестве подставки для ног, но и как дополнительное место для отдыха.
</p>",FR/FX0/N,FS/FX0,Черный,42-51 см,8 кг,8 кг,,0,7190,8990,8260,7840,0,Купить Пуфик DXRacer FR/FX0/N(fr/fx0/n) по лучшей цене с доставкой в интернет-магазине esportshop.ru,"Пуфик DXRacer FR/FX0/N ➤ характеристики, фото. Достоинства и недостатки модели - в отзывах покупателей, видео и обсуждениях. Скидки и акции. Большой ассортимент. Магазин настоящего кибератлета - esportshop.ru",
"FR:FX0:NB/1.jpg
#{[ru]:Пуфик DXRacer FR/FX0/NB;}",Кресла для геймеров///Кресла DXRacer,FR/FX0/NB,DXRacer,Пуфик DXRacer FR/FX0/NB,"<p><strong>DXRacer FR/FX0</strong> - фирменный аксессуар DXRacer, гармонично дополняющий компьютерное кресло. Пуфик оснащен механизмом регулировки высоты.
</p>
<p><strong>Пуфики DXRacer</strong> - фирменная подставка для ног, которая станет отличным дополнением к вашему игровому креслу. Выпускается в тех же цветах и продолжает современный и стильный дизайн кресел DXRacer, что позволяет собрать идеальный комплект кресло + пуфик. В качестве материала обивки пуфиков используется износостойкая высокопрочная эко-кожа. В основании установлена нейлоновая крестовина с цветными пластиковыми вставками. Передвигаются пуфики на пяти двухдюймовых колесах с механизмом фиксации. Кроме того, пуфики оснащены механизмом регулировки по высоте. Пуфики DXRacer могут быть использованы не только в качестве подставки для ног, но и как дополнительное место для отдыха.
</p>",FR/FX0/NB,FS/FX0,Черный/Синий,42-51 см,8 кг,8 кг,,0,7190,8990,8260,7840,0,Купить Пуфик DXRacer FR/FX0/NB(fr/fx0/nb) по лучшей цене с доставкой в интернет-магазине esportshop.ru,"Пуфик DXRacer FR/FX0/NB ➤ характеристики, фото. Достоинства и недостатки модели - в отзывах покупателей, видео и обсуждениях. Скидки и акции. Большой ассортимент. Магазин настоящего кибератлета - esportshop.ru",
"FR:FX0:NE/1.jpg#{[ru]:Пуфик DXRacer FR/FX0/NE;}///FR:FX0:NE/2.jpg#{[ru]:Пуфик DXRacer FR/FX0/NE;}///FR:FX0:NE/3.jpg
#{[ru]:Пуфик DXRacer FR/FX0/NE;}",Кресла для геймеров///Кресла DXRacer,FR/FX0/NE,DXRacer,Пуфик DXRacer FR/FX0/NE,"<p><strong>DXRacer FR/FX0</strong> - фирменный аксессуар DXRacer, гармонично дополняющий компьютерное кресло. Пуфик оснащен механизмом регулировки высоты.
</p>
<p><strong>Пуфики DXRacer</strong> - фирменная подставка для ног, которая станет отличным дополнением к вашему игровому креслу. Выпускается в тех же цветах и продолжает современный и стильный дизайн кресел DXRacer, что позволяет собрать идеальный комплект кресло + пуфик. В качестве материала обивки пуфиков используется износостойкая высокопрочная эко-кожа. В основании установлена нейлоновая крестовина с цветными пластиковыми вставками. Передвигаются пуфики на пяти двухдюймовых колесах с механизмом фиксации. Кроме того, пуфики оснащены механизмом регулировки по высоте. Пуфики DXRacer могут быть использованы не только в качестве подставки для ног, но и как дополнительное место для отдыха.
</p>",FR/FX0/NE,FS/FX0,Черный/Зеленый,42-51 см,8 кг,8 кг,,0,7190,8990,8260,7840,0,Купить Пуфик DXRacer FR/FX0/NE(fr/fx0/ne) по лучшей цене с доставкой в интернет-магазине esportshop.ru,"Пуфик DXRacer FR/FX0/NE ➤ характеристики, фото. Достоинства и недостатки модели - в отзывах покупателей, видео и обсуждениях. Скидки и акции. Большой ассортимент. Магазин настоящего кибератлета - esportshop.ru",
"FR:FX0:NO/1.jpg
#{[ru]:Пуфик DXRacer FR/FX0/NO;}",Кресла для геймеров///Кресла DXRacer,FR/FX0/NO,DXRacer,Пуфик DXRacer FR/FX0/NO,"<p><strong>DXRacer FR/FX0</strong> - фирменный аксессуар DXRacer, гармонично дополняющий компьютерное кресло. Пуфик оснащен механизмом регулировки высоты.
</p>
<p><strong>Пуфики DXRacer</strong> - фирменная подставка для ног, которая станет отличным дополнением к вашему игровому креслу. Выпускается в тех же цветах и продолжает современный и стильный дизайн кресел DXRacer, что позволяет собрать идеальный комплект кресло + пуфик. В качестве материала обивки пуфиков используется износостойкая высокопрочная эко-кожа. В основании установлена нейлоновая крестовина с цветными пластиковыми вставками. Передвигаются пуфики на пяти двухдюймовых колесах с механизмом фиксации. Кроме того, пуфики оснащены механизмом регулировки по высоте. Пуфики DXRacer могут быть использованы не только в качестве подставки для ног, но и как дополнительное место для отдыха.
</p>",FR/FX0/NO,FS/FX0,Черный/Оранжевый,42-51 см,8 кг,8 кг,,0,7190,8990,8260,7840,0,Купить Пуфик DXRacer FR/FX0/NO(fr/fx0/no) по лучшей цене с доставкой в интернет-магазине esportshop.ru,"Пуфик DXRacer FR/FX0/NO ➤ характеристики, фото. Достоинства и недостатки модели - в отзывах покупателей, видео и обсуждениях. Скидки и акции. Большой ассортимент. Магазин настоящего кибератлета - esportshop.ru",
"FR:FX0:NR/1.jpg
#{[ru]:Пуфик DXRacer FR/FX0/NR;}",Кресла для геймеров///Кресла DXRacer,FR/FX0/NR,DXRacer,Пуфик DXRacer FR/FX0/NR,"<p><strong>DXRacer FR/FX0</strong> - фирменный аксессуар DXRacer, гармонично дополняющий компьютерное кресло. Пуфик оснащен механизмом регулировки высоты.
</p>
<p><strong>Пуфики DXRacer</strong> - фирменная подставка для ног, которая станет отличным дополнением к вашему игровому креслу. Выпускается в тех же цветах и продолжает современный и стильный дизайн кресел DXRacer, что позволяет собрать идеальный комплект кресло + пуфик. В качестве материала обивки пуфиков используется износостойкая высокопрочная эко-кожа. В основании установлена нейлоновая крестовина с цветными пластиковыми вставками. Передвигаются пуфики на пяти двухдюймовых колесах с механизмом фиксации. Кроме того, пуфики оснащены механизмом регулировки по высоте. Пуфики DXRacer могут быть использованы не только в качестве подставки для ног, но и как дополнительное место для отдыха.
</p>",FR/FX0/NR,FS/FX0,Черный/Красный,42-51 см,8 кг,8 кг,,0,7190,8990,8260,7840,0,Купить Пуфик DXRacer FR/FX0/NR(fr/fx0/nr) по лучшей цене с доставкой в интернет-магазине esportshop.ru,"Пуфик DXRacer FR/FX0/NR ➤ характеристики, фото. Достоинства и недостатки модели - в отзывах покупателей, видео и обсуждениях. Скидки и акции. Большой ассортимент. Магазин настоящего кибератлета - esportshop.ru",
"FR:FX0:NW/1.jpg
#{[ru]:Пуфик DXRacer FR/FX0/NW;}",Кресла для геймеров///Кресла DXRacer,FR/FX0/NW,DXRacer,Пуфик DXRacer FR/FX0/NW,"<p><strong>DXRacer FR/FX0</strong> - фирменный аксессуар DXRacer, гармонично дополняющий компьютерное кресло. Пуфик оснащен механизмом регулировки высоты.
</p>
<p><strong>Пуфики DXRacer</strong> - фирменная подставка для ног, которая станет отличным дополнением к вашему игровому креслу. Выпускается в тех же цветах и продолжает современный и стильный дизайн кресел DXRacer, что позволяет собрать идеальный комплект кресло + пуфик. В качестве материала обивки пуфиков используется износостойкая высокопрочная эко-кожа. В основании установлена нейлоновая крестовина с цветными пластиковыми вставками. Передвигаются пуфики на пяти двухдюймовых колесах с механизмом фиксации. Кроме того, пуфики оснащены механизмом регулировки по высоте. Пуфики DXRacer могут быть использованы не только в качестве подставки для ног, но и как дополнительное место для отдыха.
</p>",FR/FX0/NW,FS/FX0,Черный/Белый,42-51 см,8 кг,8 кг,,0,7190,8990,8260,7840,0,Купить Пуфик DXRacer FR/FX0/NW(fr/fx0/nw) по лучшей цене с доставкой в интернет-магазине esportshop.ru,"Пуфик DXRacer FR/FX0/NW ➤ характеристики, фото. Достоинства и недостатки модели - в отзывах покупателей, видео и обсуждениях. Скидки и акции. Большой ассортимент. Магазин настоящего кибератлета - esportshop.ru",
"FR:FX0:NY/1.jpg#{[ru]:Пуфик DXRacer FR/FX0/NY;}///FR:FX0:NY/2.jpg#{[ru]:Пуфик DXRacer FR/FX0/NY;}///FR:FX0:NY/3.jpg
#{[ru]:Пуфик DXRacer FR/FX0/NY;}",Кресла для геймеров///Кресла DXRacer,FR/FX0/NY,DXRacer,Пуфик DXRacer FR/FX0/NY,"<p><strong>DXRacer FR/FX0</strong> - фирменный аксессуар DXRacer, гармонично дополняющий компьютерное кресло. Пуфик оснащен механизмом регулировки высоты.
</p>
<p><strong>Пуфики DXRacer</strong> - фирменная подставка для ног, которая станет отличным дополнением к вашему игровому креслу. Выпускается в тех же цветах и продолжает современный и стильный дизайн кресел DXRacer, что позволяет собрать идеальный комплект кресло + пуфик. В качестве материала обивки пуфиков используется износостойкая высокопрочная эко-кожа. В основании установлена нейлоновая крестовина с цветными пластиковыми вставками. Передвигаются пуфики на пяти двухдюймовых колесах с механизмом фиксации. Кроме того, пуфики оснащены механизмом регулировки по высоте. Пуфики DXRacer могут быть использованы не только в качестве подставки для ног, но и как дополнительное место для отдыха.
</p>",FR/FX0/NY,FS/FX0,Черный/Желтый,42-51 см,8 кг,8 кг,,,,,,,,,,
"FR:FX0:NY/1.jpg#{[ru]:Пуфик DXRacer FR/FX0/NY;}///FR:FX0:NY/2.jpg#{[ru]:Пуфик DXRacer FR/FX0/NY;}///FR:FX0:NY/3.jpg
#{[ru]:Пуфик DXRacer FR/FX0/NY;}",Кресла для геймеров///Кресла DXRacer,FR/FX0/NY,DXRacer,Пуфик DXRacer FR/FX0/NY,"<p><strong>DXRacer FR/FX0</strong> - фирменный аксессуар DXRacer, гармонично дополняющий компьютерное кресло. Пуфик оснащен механизмом регулировки высоты.
</p>
<p><strong>Пуфики DXRacer</strong> - фирменная подставка для ног, которая станет отличным дополнением к вашему игровому креслу. Выпускается в тех же цветах и продолжает современный и стильный дизайн кресел DXRacer, что позволяет собрать идеальный комплект кресло + пуфик. В качестве материала обивки пуфиков используется износостойкая высокопрочная эко-кожа. В основании установлена нейлоновая крестовина с цветными пластиковыми вставками. Передвигаются пуфики на пяти двухдюймовых колесах с механизмом фиксации. Кроме того, пуфики оснащены механизмом регулировки по высоте. Пуфики DXRacer могут быть использованы не только в качестве подставки для ног, но и как дополнительное место для отдыха.
</p>",FR/FX0/NY,FS/FX0,Черный/Желтый,42-51 см,8 кг,8 кг,,0,7190,8990,8260,7840,0,Купить Пуфик DXRacer FR/FX0/NY(fr/fx0/ny) по лучшей цене с доставкой в интернет-магазине esportshop.ru,"Пуфик DXRacer FR/FX0/NY ➤ характеристики, фото. Достоинства и недостатки модели - в отзывах покупателей, видео и обсуждениях. Скидки и акции. Большой ассортимент. Магазин настоящего кибератлета - esportshop.ru",
