Detailed image,Category,Product code,Производитель,Название,Описание,Артикул,Размер,Интерфейс,Подсветка,Вес,Weight,ProductCodeToFind,Existance,Diller price,Max price,Shop price,Recommend price,Existance for filters,Page title,Meta description,Meta keywords

"AS5/1.png#{[ru]:Подставка для монитора AS5;}///AS5/2.png#{[ru]:Подставка для монитора AS5;}///AS5/3.png#{[ru]:Подставка для монитора AS5;}///AS5/4.png
#{[ru]:Подставка для монитора AS5;}",Девайсы///Подставки для мониторов,AS5,ThunderX3,Подставка для монитора AS5,"Эргономичная подставка для монитора AS5 - обеспечит грамотное распределение места на столе и обеспечит оптимальную высоту монитора.

Особенности:
USB-хаб на три порта
RGB-подсветка через USB-порт (USB адаптер в комплект не входит)
Надежная металлическая конструкция
Резиновые ножки защищают стол от царапин",AS5,60 х 24 х 8 см,3 порта USB3.0,HEX,"1,9 кг","1,9 кг",,30,4241,4990,4870,4870,30,Купить Подставка для монитора AS5(as5) по лучшей цене с доставкой в интернет-магазине esportshop.ru,"Подставка для монитора AS5 ➤ характеристики, фото. Достоинства и недостатки модели - в отзывах покупателей, видео и обсуждениях. Скидки и акции. Большой ассортимент. Магазин настоящего кибератлета - esportshop.ru",
"AS3/1.jpg#{[ru]:Подставка для монитора AS3;}///AS3/2.jpg#{[ru]:Подставка для монитора AS3;}///AS3/3.jpg#{[ru]:Подставка для монитора AS3;}///AS3/4.jpg#{[ru]:Подставка для монитора AS3;}///AS3/5.jpg
#{[ru]:Подставка для монитора AS3;}",Девайсы///Подставки для мониторов,AS3,ThunderX3,Подставка для монитора AS3,"Эргономичная подставка для монитора AS3 - обеспечит грамотное распределение места на столе и обеспечит оптимальную высоту монитора.

Особенности:
USB-хаб на три порта
Надежная металлическая конструкция
Резиновые ножки защищают стол от царапин",AS3,60 х 24 х 8 см,3 порта USB3.0,HEX,"1,9 кг","1,9 кг",,,,,,,,,,
"AS3/1.jpg#{[ru]:Подставка для монитора AS3;}///AS3/2.jpg#{[ru]:Подставка для монитора AS3;}///AS3/3.jpg#{[ru]:Подставка для монитора AS3;}///AS3/4.jpg#{[ru]:Подставка для монитора AS3;}///AS3/5.jpg
#{[ru]:Подставка для монитора AS3;}",Девайсы///Подставки для мониторов,AS3,ThunderX3,Подставка для монитора AS3,"Эргономичная подставка для монитора AS3 - обеспечит грамотное распределение места на столе и обеспечит оптимальную высоту монитора.

Особенности:
USB-хаб на три порта
Надежная металлическая конструкция
Резиновые ножки защищают стол от царапин",AS3,60 х 24 х 8 см,3 порта USB3.0,HEX,"1,9 кг","1,9 кг",,20,2541,2990,2920,2920,20,Купить Подставка для монитора AS3(as3) по лучшей цене с доставкой в интернет-магазине esportshop.ru,"Подставка для монитора AS3 ➤ характеристики, фото. Достоинства и недостатки модели - в отзывах покупателей, видео и обсуждениях. Скидки и акции. Большой ассортимент. Магазин настоящего кибератлета - esportshop.ru",
