Detailed image,Category,Product code,Производитель,Название,Описание,Артикул,Тип стола,Цвет,Ширина столешницы,Максимальная нагрузка        ,Подсветка,Управление подсветкой,Материал столешницы,Материал рамы,Тип рамы,Подключение подсветки,Длина USB-кабеля подсветки,Размеры (ш x г x в),Вес,Гарантия,Weight,ProductCodeToFind,Existance,Diller price,Max price,Shop price,Recommend price,Existance for filters,Page title,Meta description,Meta keywords

"AD3-M/1.png#{[ru]:Игровой компьютерный стол ThunderX3 AD3-HEX M;}///AD3-M/2.png#{[ru]:Игровой компьютерный стол ThunderX3 AD3-HEX M;}///AD3-M/3.png#{[ru]:Игровой компьютерный стол ThunderX3 AD3-HEX M;}///AD3-M/4.png#{[ru]:Игровой компьютерный стол ThunderX3 AD3-HEX M;}///AD3-M/5.png#{[ru]:Игровой компьютерный стол ThunderX3 AD3-HEX M;}///AD3-M/6.png#{[ru]:Игровой компьютерный стол ThunderX3 AD3-HEX M;}///AD3-M/7.png#{[ru]:Игровой компьютерный стол ThunderX3 AD3-HEX M;}///AD3-M/8.png
#{[ru]:Игровой компьютерный стол ThunderX3 AD3-HEX M;}",Столы для геймеров///Столы ThunderX3,AD3-M,ThunderX3,Игровой компьютерный стол ThunderX3 AD3-HEX M,"<p><strong>ThunderX3 AD3 </strong>обеспечивает максимальную производительность, комфорт и стиль для геймеров и всех, кто проводит долгие часы за компьютером. За ним вы почувствуете себя 100% победителем!
</p>
<p><strong>Вместо скучных прямых углов</strong> – трапециевидный дизайн «истребитель», более комфортный для запястий и предплечий даже после многочасовой сессии за компьютером
</p>
<p><strong>Особенности:</strong>
</p>
<ul>
        <li>Крепкая надежная конструкция</li>
        <li>HEX - RGB подсветка</li>
        <li>Столешница из высококачественного ДСП толщиной 25 мм</li>
        <li>Металлическая рама с фиксированной высотой столешницы</li>
        <li>Канавки для кабель-менеджмента</li>
        <li>Регулируемые ножки для обеспечения 100% устойчивости</li>
</ul>
<p><strong>Создайте свою игровую станцию</strong>
</p>
<p><strong></strong><strong></strong>Превратите своё рабочее место с игровым столом AD3 в комфортное место для игр.
</p>
<p><strong>Разработан для кибер спортсменов</strong>
</p>
<p>Благодаря высококачественным материалам, конструкция компьютерного стола AD3 имеет прочную стальную раму, обеспечивающую долговечность и дополнительную поддержку. Металлические крылья по бокам стола добавляют агрессивности в общий стиль.
</p>
<p><strong>Подсветка HEX из 16.8 миллионов цветов</strong>
</p>
<p>Изменяйте эффекты подсветки из 16,8 миллионов цветов компьютерного стоила AD3 одним нажатием кнопки на беспроводном пульте дистанционного управления HEX.
</p>
<p><strong>Специальная поверхность стола</strong>
</p>
<p>Специальная текстурированная поверхность стола AD3, позволяет использовать игровую мышь без коврика и гарантирует сверхточную работу сенсора без срывов.
</p>
<p><strong>Кабель менеджмент</strong>
</p>
<p>Встроенные канавки на столе позволяют эффективно управлять кабель-менеджментом, обеспечивая грамотное распределение места на столе.
</p>",AD3-M,Игровой,Черный,120 см,50 кг,HEX-RGB,Пульт ДУ с магнитным креплением,Высококачественный ДСП толщиной 25 мм с влагозащищенной поверхностью,"Сталь, покрытая порошковой краской",Фиксированная,USB-порт (USB адаптер в комплект не входит),1.8 м,128 x 70 x 74 см,52 кг,1 год,52 кг,,30,16991,19990,19530,19530,30,Купить Игровой компьютерный стол ThunderX3 AD3-HEX M(ad3-m) по лучшей цене с доставкой в интернет-магазине esportshop.ru,"Игровой компьютерный стол ThunderX3 AD3-HEX M ➤ характеристики, фото. Достоинства и недостатки модели - в отзывах покупателей, видео и обсуждениях. Скидки и акции. Большой ассортимент. Магазин настоящего кибератлета - esportshop.ru",
"AD3-L/1.png#{[ru]:Игровой компьютерный стол ThunderX3 AD3-HEX L;}///AD3-L/2.png#{[ru]:Игровой компьютерный стол ThunderX3 AD3-HEX L;}///AD3-L/3.png#{[ru]:Игровой компьютерный стол ThunderX3 AD3-HEX L;}///AD3-L/4.png#{[ru]:Игровой компьютерный стол ThunderX3 AD3-HEX L;}///AD3-L/5.png#{[ru]:Игровой компьютерный стол ThunderX3 AD3-HEX L;}///AD3-L/6.png#{[ru]:Игровой компьютерный стол ThunderX3 AD3-HEX L;}///AD3-L/7.png#{[ru]:Игровой компьютерный стол ThunderX3 AD3-HEX L;}///AD3-L/8.png
#{[ru]:Игровой компьютерный стол ThunderX3 AD3-HEX L;}",Столы для геймеров///Столы ThunderX3,AD3-L,ThunderX3,Игровой компьютерный стол ThunderX3 AD3-HEX L,"<p><strong>ThunderX3 AD3 </strong>обеспечивает максимальную производительность, комфорт и стиль для геймеров и всех, кто проводит долгие часы за компьютером. За ним вы почувствуете себя 100% победителем!
</p>
<p><strong>Вместо скучных прямых углов</strong> – трапециевидный дизайн «истребитель», более комфортный для запястий и предплечий даже после многочасовой сессии за компьютером
</p>
<p><strong>Особенности:</strong>
</p>
<ul>
	<li>Крепкая надежная конструкция</li>
	<li>HEX - RGB подсветка</li>
	<li>Столешница из высококачественного ДСП толщиной 25 мм</li>
	<li>Металлическая рама с фиксированной высотой столешницы</li>
	<li>Канавки для кабель-менеджмента</li>
	<li>Регулируемые ножки для обеспечения 100% устойчивости</li>
</ul>
<p><strong>Создайте свою игровую станцию</strong>
</p>
<p><strong></strong><strong></strong>Превратите своё рабочее место с игровым столом AD3 в комфортное место для игр.
</p>
<p><strong>Разработан для кибер спортсменов</strong>
</p>
<p>Благодаря высококачественным материалам, конструкция компьютерного стола AD3 имеет прочную стальную раму, обеспечивающую долговечность и дополнительную поддержку. Металлические крылья по бокам стола добавляют агрессивности в общий стиль.
</p>
<p><strong>Подсветка HEX из 16.8 миллионов цветов</strong>
</p>
<p>Изменяйте эффекты подсветки из 16,8 миллионов цветов компьютерного стоила AD3 одним нажатием кнопки на беспроводном пульте дистанционного управления HEX.
</p>
<p><strong>Специальная поверхность стола</strong>
</p>
<p>Специальная текстурированная поверхность стола AD3, позволяет использовать игровую мышь без коврика и гарантирует сверхточную работу сенсора без срывов.
</p>
<p><strong>Кабель менеджмент</strong>
</p>
<p>Встроенные канавки на столе позволяют эффективно управлять кабель-менеджментом, обеспечивая грамотное распределение места на столе.
</p>",AD3-L,Игровой,Черный,160 см,50 кг,HEX-RGB,Пульт ДУ с магнитным креплением,Высококачественный ДСП толщиной 25 мм с влагозащищенной поверхностью,"Сталь, покрытая порошковой краской",Фиксированная,USB-порт (USB адаптер в комплект не входит),1.8 м,168 x 70 x 74 см,58 кг,1 год,58 кг,,20,25491,29990,29310,29310,20,Купить Игровой компьютерный стол ThunderX3 AD3-HEX L(ad3-l) по лучшей цене с доставкой в интернет-магазине esportshop.ru,"Игровой компьютерный стол ThunderX3 AD3-HEX L ➤ характеристики, фото. Достоинства и недостатки модели - в отзывах покупателей, видео и обсуждениях. Скидки и акции. Большой ассортимент. Магазин настоящего кибератлета - esportshop.ru",
"AD7-M/1.png#{[ru]:Игровой компьютерный стол ThunderX3 AD7-HEX M;}///AD7-M/2.png#{[ru]:Игровой компьютерный стол ThunderX3 AD7-HEX M;}///AD7-M/3.png#{[ru]:Игровой компьютерный стол ThunderX3 AD7-HEX M;}///AD7-M/4.png#{[ru]:Игровой компьютерный стол ThunderX3 AD7-HEX M;}///AD7-M/5.png#{[ru]:Игровой компьютерный стол ThunderX3 AD7-HEX M;}///AD7-M/7.png#{[ru]:Игровой компьютерный стол ThunderX3 AD7-HEX M;}///AD7-M/8.png#{[ru]:Игровой компьютерный стол ThunderX3 AD7-HEX M;}///AD7-M/9.png#{[ru]:Игровой компьютерный стол ThunderX3 AD7-HEX M;}///AD7-M/10.png
#{[ru]:Игровой компьютерный стол ThunderX3 AD7-HEX M;}",Столы для геймеров///Столы ThunderX3,AD7-M,ThunderX3,Игровой компьютерный стол ThunderX3 AD7-HEX M,"<p><strong>ThunderX3 AD7</strong> обеспечивает максимальную производительность, комфорт и стиль для геймеров и всех, кто проводит долгие часы за компьютером. За ним вы почувствуете себя 100% победителем.
</p>
<p><strong>Особенности:</strong>
</p>
<ul>
	<li>Столешница поднимается и опускается расположенными с двух сторон моторами TiMOTION</li>
	<li>HEX - RGB подсветка</li>
	<li>Надежная металлическая рама</li>
	<li>Канавки для кабель-менеджмента</li>
	<li>Регулируемые ножки для обеспечения 100% устойчивости</li>
</ul>
<p><strong>Эргономичный дизайн</strong>
</p>
<p>Не важно, какого вы роста - два надежных мотора TiMOTION поднимут и опустят столешницу на высоту от 66 до 131 см. Вы сможете находиться за компьютером и сидя, и стоя, и развалившись в кресле, и сидя прямо. Вместо скучных прямых углов – трапециевидный дизайн «истребитель», более комфортный для запястий и предплечий даже после многочасовой сессии за компьютером.
</p>
<p><strong>Создайте свою игрровую станцию</strong>
</p>
<p>Превратите своё рабочее место с игровым столом ThunderX3 AD7 в комфортное место для игр.
</p>
<p><strong>Разработан для киберспортсменов</strong>
</p>
<p>Благодаря высококачественным материалам, конструкция компьютерного стола AD7 имеет прочную стальную раму, обеспечивающую долговечность и дополнительную поддержку. Металлические крылья по бокам стола добавляют агрессивности в общий стиль.
</p>
<p><strong>Подсветка HEX из 16.8 миллионов цвтов</strong>
</p>
<p>Изменяйте эффекты подсветки из 16,8 миллионов цветов компьютерного стоила AD3 одним нажатием кнопки на беспроводном пульте дистанционного управления HEX
</p>
<p><strong>Специальная поверхность стола</strong>
</p>
<p>Специальная текстурированная поверхность стола AD7, позволяет использовать игровую мышь без коврика и гарантирует сверхточную работу сенсора без срывов.
</p>
<p><strong>Кабель менеджмент</strong>
</p>
<p>Встроенные канавки на столе позволяют эффективно управлять кабель-менеджментом, обеспечивая грамотное распределение места на столе.
</p>",AD7-M,Игровой,Черный,120 см,50 кг,HEX-RGB,Пульт ДУ с магнитным креплением,Высококачественный ДСП толщиной 25 мм с влагозащищенной поверхностью,"Сталь, покрытая порошковой краской",Фиксированная,USB-порт (USB адаптер в комплект не входит),1.8 м,128 x 70 x 74 см,55 кг,1 год,55 кг,,10,50991,59990,58630,58630,10,Купить Игровой компьютерный стол ThunderX3 AD7-HEX M(ad7-m) по лучшей цене с доставкой в интернет-магазине esportshop.ru,"Игровой компьютерный стол ThunderX3 AD7-HEX M ➤ характеристики, фото. Достоинства и недостатки модели - в отзывах покупателей, видео и обсуждениях. Скидки и акции. Большой ассортимент. Магазин настоящего кибератлета - esportshop.ru",
"AD7-L/1.png#{[ru]:Игровой компьютерный стол ThunderX3 AD7-HEX L;}///AD7-L/2.png#{[ru]:Игровой компьютерный стол ThunderX3 AD7-HEX L;}///AD7-L/3.png#{[ru]:Игровой компьютерный стол ThunderX3 AD7-HEX L;}///AD7-L/5.png#{[ru]:Игровой компьютерный стол ThunderX3 AD7-HEX L;}///AD7-L/6.png#{[ru]:Игровой компьютерный стол ThunderX3 AD7-HEX L;}///AD7-L/7.png#{[ru]:Игровой компьютерный стол ThunderX3 AD7-HEX L;}///AD7-L/8.png#{[ru]:Игровой компьютерный стол ThunderX3 AD7-HEX L;}///AD7-L/9.png#{[ru]:Игровой компьютерный стол ThunderX3 AD7-HEX L;}///AD7-L/10.png#{[ru]:Игровой компьютерный стол ThunderX3 AD7-HEX L;}///AD7-L/11.png
#{[ru]:Игровой компьютерный стол ThunderX3 AD7-HEX L;}",Столы для геймеров///Столы ThunderX3,AD7-L,ThunderX3,Игровой компьютерный стол ThunderX3 AD7-HEX L,"<p><strong>ThunderX3 AD7</strong> обеспечивает максимальную производительность, комфорт и стиль для геймеров и всех, кто проводит долгие часы за компьютером. За ним вы почувствуете себя 100% победителем.
</p>
<p><strong>Особенности:</strong>
</p>
<ul>
	<li>Столешница поднимается и опускается расположенными с двух сторон моторами TiMOTION</li>
	<li>HEX - RGB подсветка</li>
	<li>Надежная металлическая рама</li>
	<li>Канавки для кабель-менеджмента</li>
	<li>Регулируемые ножки для обеспечения 100% устойчивости</li>
</ul>
<p><strong>Эргономичный дизайн</strong>
</p>
<p>Не важно, какого вы роста - два надежных мотора TiMOTION поднимут и опустят столешницу на высоту от 66 до 131 см. Вы сможете находиться за компьютером и сидя, и стоя, и развалившись в кресле, и сидя прямо. Вместо скучных прямых углов – трапециевидный дизайн «истребитель», более комфортный для запястий и предплечий даже после многочасовой сессии за компьютером.
</p>
<p><strong>Создайте свою игрровую станцию</strong>
</p>
<p>Превратите своё рабочее место с игровым столом ThunderX3 AD7 в комфортное место для игр.
</p>
<p><strong>Разработан для киберспортсменов</strong>
</p>
<p>Благодаря высококачественным материалам, конструкция компьютерного стола AD7 имеет прочную стальную раму, обеспечивающую долговечность и дополнительную поддержку. Металлические крылья по бокам стола добавляют агрессивности в общий стиль.
</p>
<p><strong>Подсветка HEX из 16.8 миллионов цвтов</strong>
</p>
<p>Изменяйте эффекты подсветки из 16,8 миллионов цветов компьютерного стоила AD3 одним нажатием кнопки на беспроводном пульте дистанционного управления HEX
</p>
<p><strong>Специальная поверхность стола</strong>
</p>
<p>Специальная текстурированная поверхность стола AD7, позволяет использовать игровую мышь без коврика и гарантирует сверхточную работу сенсора без срывов.
</p>
<p><strong>Кабель менеджмент</strong>
</p>
<p>Встроенные канавки на столе позволяют эффективно управлять кабель-менеджментом, обеспечивая грамотное распределение места на столе.
</p>",AD7-L,Игровой,Черный,160 см,50 кг,HEX-RGB,Пульт ДУ с магнитным креплением,Высококачественный ДСП толщиной 25 мм с влагозащищенной поверхностью,"Сталь, покрытая порошковой краской",Фиксированная,USB-порт (USB адаптер в комплект не входит),1.8 м,168 x 70 x 74 см,55 кг,1 год,55 кг,,,,,,,,,,
"AD7-L/1.png#{[ru]:Игровой компьютерный стол ThunderX3 AD7-HEX L;}///AD7-L/2.png#{[ru]:Игровой компьютерный стол ThunderX3 AD7-HEX L;}///AD7-L/3.png#{[ru]:Игровой компьютерный стол ThunderX3 AD7-HEX L;}///AD7-L/5.png#{[ru]:Игровой компьютерный стол ThunderX3 AD7-HEX L;}///AD7-L/6.png#{[ru]:Игровой компьютерный стол ThunderX3 AD7-HEX L;}///AD7-L/7.png#{[ru]:Игровой компьютерный стол ThunderX3 AD7-HEX L;}///AD7-L/8.png#{[ru]:Игровой компьютерный стол ThunderX3 AD7-HEX L;}///AD7-L/9.png#{[ru]:Игровой компьютерный стол ThunderX3 AD7-HEX L;}///AD7-L/10.png#{[ru]:Игровой компьютерный стол ThunderX3 AD7-HEX L;}///AD7-L/11.png
#{[ru]:Игровой компьютерный стол ThunderX3 AD7-HEX L;}",Столы для геймеров///Столы ThunderX3,AD7-L,ThunderX3,Игровой компьютерный стол ThunderX3 AD7-HEX L,"<p><strong>ThunderX3 AD7</strong> обеспечивает максимальную производительность, комфорт и стиль для геймеров и всех, кто проводит долгие часы за компьютером. За ним вы почувствуете себя 100% победителем.
</p>
<p><strong>Особенности:</strong>
</p>
<ul>
	<li>Столешница поднимается и опускается расположенными с двух сторон моторами TiMOTION</li>
	<li>HEX - RGB подсветка</li>
	<li>Надежная металлическая рама</li>
	<li>Канавки для кабель-менеджмента</li>
	<li>Регулируемые ножки для обеспечения 100% устойчивости</li>
</ul>
<p><strong>Эргономичный дизайн</strong>
</p>
<p>Не важно, какого вы роста - два надежных мотора TiMOTION поднимут и опустят столешницу на высоту от 66 до 131 см. Вы сможете находиться за компьютером и сидя, и стоя, и развалившись в кресле, и сидя прямо. Вместо скучных прямых углов – трапециевидный дизайн «истребитель», более комфортный для запястий и предплечий даже после многочасовой сессии за компьютером.
</p>
<p><strong>Создайте свою игрровую станцию</strong>
</p>
<p>Превратите своё рабочее место с игровым столом ThunderX3 AD7 в комфортное место для игр.
</p>
<p><strong>Разработан для киберспортсменов</strong>
</p>
<p>Благодаря высококачественным материалам, конструкция компьютерного стола AD7 имеет прочную стальную раму, обеспечивающую долговечность и дополнительную поддержку. Металлические крылья по бокам стола добавляют агрессивности в общий стиль.
</p>
<p><strong>Подсветка HEX из 16.8 миллионов цвтов</strong>
</p>
<p>Изменяйте эффекты подсветки из 16,8 миллионов цветов компьютерного стоила AD3 одним нажатием кнопки на беспроводном пульте дистанционного управления HEX
</p>
<p><strong>Специальная поверхность стола</strong>
</p>
<p>Специальная текстурированная поверхность стола AD7, позволяет использовать игровую мышь без коврика и гарантирует сверхточную работу сенсора без срывов.
</p>
<p><strong>Кабель менеджмент</strong>
</p>
<p>Встроенные канавки на столе позволяют эффективно управлять кабель-менеджментом, обеспечивая грамотное распределение места на столе.
</p>",AD7-L,Игровой,Черный,160 см,50 кг,HEX-RGB,Пульт ДУ с магнитным креплением,Высококачественный ДСП толщиной 25 мм с влагозащищенной поверхностью,"Сталь, покрытая порошковой краской",Фиксированная,USB-порт (USB адаптер в комплект не входит),1.8 м,168 x 70 x 74 см,55 кг,1 год,55 кг,,0,0,0,0,0,0,Купить Игровой компьютерный стол ThunderX3 AD7-HEX L(ad7-l) по лучшей цене с доставкой в интернет-магазине esportshop.ru,"Игровой компьютерный стол ThunderX3 AD7-HEX L ➤ характеристики, фото. Достоинства и недостатки модели - в отзывах покупателей, видео и обсуждениях. Скидки и акции. Большой ассортимент. Магазин настоящего кибератлета - esportshop.ru",
